{"DUJUAN": [[6.936188215126075, 130.85008466644587], [7.625573063145298, 130.27162209473323], [8.314957911164537, 129.6931595230206]], "GUAMBE": [[-24.89360673421363, 36.14290552368359], [-24.204221886194443, 35.56444295197152], [-23.514837038175255, 34.985980380259456]]}