{"DUJUAN": [[6.109574789555823, 130.0919657976151], [6.126809410756303, 130.0775042333223], [6.144044031956784, 130.06304266902947], [6.1612786531572645, 130.04858110473666], [6.178513274357745, 130.03411954044384], [6.195747895558226, 130.01965797615102], [6.212982516758706, 130.0051964118582], [6.230217137959187, 129.9907348475654], [6.247451759159667, 129.97627328327258], [6.264686380360148, 129.96181171897976], [6.281921001560629, 129.94735015468694], [6.299155622761109, 129.93288859039413], [6.31639024396159, 129.9184270261013], [6.33362486516207, 129.9039654618085]], "GUAMBE": [[-25.19234016835534, 36.39357263809209], [-25.17510554715486, 36.37911107379929], [-25.15787092595438, 36.364649509506485], [-25.1406363047539, 36.35018794521368], [-25.12340168355342, 36.33572638092088], [-25.10616706235294, 36.32126481662808], [-25.088932441152462, 36.30680325233528], [-25.071697819951982, 36.29234168804248], [-25.054463198751503, 36.277880123749675], [-25.037228577551023, 36.26341855945687], [-25.019993956350543, 36.24895699516407], [-25.002759335150063, 36.23449543087127], [-24.985524713949584, 36.22003386657847], [-24.968290092749104, 36.20557230228567]]}