{"DUJUAN": [[6.482991582232925, 129.77863190460434], [7.172376430252148, 129.2001693328917], [7.861761278271372, 128.62170676117907]], "GUAMBE": [[-24.89360673421363, 36.14290552368359], [-24.204221886194443, 35.56444295197152], [-23.514837038175255, 34.985980380259456]]}