{"DUJUAN": [[6.636188215126095, 129.65008466644608], [7.601327002353008, 128.8402370660484]], "GUAMBE": [[-24.771049427899083, 36.040067733157024], [-23.80591064067222, 35.23022013276013]]}