{"DUJUAN": [[6.109574789555823, 130.0919657976151], [6.126809410756303, 130.0775042333223], [6.144044031956784, 130.06304266902947], [6.1612786531572645, 130.04858110473666], [6.178513274357745, 130.03411954044384], [6.195747895558226, 130.01965797615102], [6.212982516758706, 130.0051964118582]], "GUAMBE": [[-25.19234016835534, 36.39357263809209], [-25.17510554715486, 36.37911107379929], [-25.15787092595438, 36.364649509506485], [-25.1406363047539, 36.35018794521368], [-25.12340168355342, 36.33572638092088], [-25.10616706235294, 36.32126481662808], [-25.088932441152462, 36.30680325233528]]}