{"DUJUAN": [[6.109574789555823, 130.0919657976151]], "GUAMBE": [[-25.19234016835534, 36.39357263809209]]}