{"DUJUAN": [7.209574789555823, 129.79196579761512], "GUAMBE": [-24.592340168355342, 36.79357263809209]}