{"DUJUAN": [[6.636188215126095, 129.65008466644608]], "GUAMBE": [[-24.771049427899083, 36.040067733157024]]}