{"DUJUAN": [[6.329794949339755, 129.9071791427626], [6.743425858151289, 129.56010159973502], [7.157056766962823, 129.21302405670744], [7.570687675774357, 128.86594651367986]], "GUAMBE": [[-25.016164040528178, 36.24574331421015], [-24.602533131716665, 35.89866577118291], [-24.188902222905153, 35.55158822815567], [-23.77527131409364, 35.20451068512843]]}