{"DUJUAN": [[6.109574789555823, 130.0919657976151], [6.11723462120048, 130.08553843570718], [6.11723462120048, 130.08553843570718], [6.11723462120048, 130.08553843570718], [6.11723462120048, 130.08553843570718], [6.11723462120048, 130.08553843570718], [6.11723462120048, 130.08553843570718], [6.11723462120048, 130.08553843570718], [6.11723462120048, 130.08553843570718], [6.11723462120048, 130.08553843570718]], "GUAMBE": [[-25.19234016835534, 36.39357263809209], [-25.18276537879952, 36.3855384357072], [-25.18276537879952, 36.3855384357072], [-25.18276537879952, 36.3855384357072], [-25.18276537879952, 36.3855384357072], [-25.18276537879952, 36.3855384357072], [-25.18276537879952, 36.3855384357072], [-25.18276537879952, 36.3855384357072], [-25.18276537879952, 36.3855384357072], [-25.18276537879952, 36.3855384357072]]}