{"ONE": [7.307659831644658, 132.09357263809207], "GUAMBE": [-22.594255126266507, 37.69517947856907]}