{"DUJUAN": [[6.176598316446585, 130.03572638092086], [6.314475286050429, 129.92003386657834], [6.452352255654274, 129.8043413522358], [6.590229225258119, 129.68864883789328], [6.728106194861963, 129.57295632355076], [6.865983164465808, 129.45726380920823], [7.003860134069653, 129.3415712948657]], "GUAMBE": [[-25.138721346842726, 36.348581104736716], [-25.000844377238888, 36.2328885903943], [-24.86296740763505, 36.11719607605189], [-24.725090438031213, 36.00150356170948], [-24.587213468427375, 35.88581104736706], [-24.449336498823538, 35.77011853302465], [-24.3114595292197, 35.65442601868224]]}